날짜,예측_위반_건수,예측_하한,예측_상한
2023-11-15,133.48777624212488,93.4969271841469,177.72634983956482
2023-11-16,130.96604445035666,89.45119833054835,170.16649990341247
2023-11-17,134.38793869815447,92.0633149115042,174.86387924830018
2023-11-18,132.37646182763936,92.10343677492595,174.91771556559365
2023-11-19,132.06541827679214,93.29326363473203,173.95864325087433
2023-11-20,130.54276358862506,91.35379609767948,174.26604179445607
2023-11-21,130.85827991714854,86.83627232760382,172.30984252389928
2023-11-22,129.44490267003835,90.25995395097532,171.90334578550053
2023-11-23,126.82914855892855,84.84176566514145,167.52816164647558
2023-11-24,130.18988169828464,87.73028559884472,172.15099949532583
2023-11-25,128.1477642760606,90.20370223877005,170.75623980504358
2023-11-26,127.83391071299539,84.66311949814724,169.4878103566346
2023-11-27,126.33333927433758,84.27204702463774,169.24939865767195
2023-11-28,126.69275180232714,86.37143065693726,166.59141046475003
2023-11-29,125.34196353692779,82.79706623302567,166.36238544145186
2023-11-30,122.80443022299599,79.99701372752115,162.10313009967064
2023-12-01,126.25610626352194,84.552238677709,166.17550373610143
2023-12-02,124.31497783633938,82.17478438584445,165.04900036617698
2023-12-03,124.10978763460108,84.49432839024179,163.78618453518158
2023-12-04,122.72354335186196,79.13294160683245,163.4907002640345
2023-12-05,123.20133919818379,79.38148130174828,166.38856683696864
2023-12-06,121.97181152997189,81.7880253194386,164.3607963246135
2023-12-07,119.55767542166973,76.08234106144401,159.75899490522252
2023-12-08,123.13457608675213,82.63300979222302,164.41232454213082
2023-12-09,121.32340454877149,81.99022660065857,161.2738303152195
2023-12-10,121.25057118790735,77.31681907692929,161.2817113580688
2023-12-11,119.99987916478524,80.23502155038099,163.78190734848852
2023-12-12,120.6174806177734,77.38345538665322,163.5474845493609
2023-12-13,119.53326311922388,78.38400775478951,161.02356745910157
2023-12-14,117.27131086016952,76.89367430003024,159.7007026107547
2023-12-15,121.00867709442295,78.87295287982853,163.27832976819957
2023-12-16,119.36481509964835,79.45909214007395,161.5911584807954
2023-12-17,119.47018810983784,80.93633389918848,157.75042361744633
2023-12-18,118.40965445960563,78.25031705851329,158.80491633286502
2023-12-19,119.23016153699649,76.71045040736952,160.59190198945234
2023-12-20,118.36207398825351,75.60737772576145,156.8811477628818
2023-12-21,116.32958727520702,72.44296737524188,157.5416789634525
2023-12-22,120.30946454364226,79.07203592780911,160.40632393831342
2023-12-23,118.92044507568906,78.12347196164436,156.7744515311645
2023-12-24,119.2918453603296,77.64159591547171,163.19667653331607
2023-12-25,118.50694915526924,75.86624995082214,160.00981253820797
2023-12-26,119.61071982727661,78.09371334359365,159.568924969544
2023-12-27,119.03115968061604,78.58820313796393,158.6114882850061
2023-12-28,117.28976624912485,75.09991271568704,156.61186990976478
2023-12-29,121.56032203733861,83.57217060259366,164.23560957445554
2023-12-30,120.45836421934017,82.10340270007651,159.46708677098366
2023-12-31,121.10985333714751,79.74758680418509,162.93199940346312
2024-01-01,120.59463522214611,75.44287074751539,161.83083140993656
2024-01-02,121.95422719519294,83.13395761544814,165.06778859643566
2024-01-03,121.61325101580245,81.11545805339517,163.89990271571764
2024-01-04,120.08996038972207,79.43457471797824,161.01710315175814
2024-01-05,124.55509749004554,81.48904184908918,165.34677743550807
2024-01-06,123.62142318101127,82.64465754145411,166.32004645752707
2024-01-07,124.4124384289795,83.49939490966663,165.13941620678983
2024-01-08,124.00588987946878,84.25684750639756,166.01860014310526
2024-01-09,125.44158975802583,84.5629575638902,165.9633309930158
2024-01-10,125.14287203994876,82.67353563177677,164.50380068288655
2024-01-11,123.62713254901958,82.99967533161669,160.69636748637188
2024-01-12,128.06468767245065,85.60829766846032,170.41482552329856
2024-01-13,127.06829696726372,82.89943416585531,167.8912930111208
2024-01-14,127.76186805815868,87.78749766175869,163.98318188012883
2024-01-15,127.22393800620975,87.68512851241364,169.86588047717802
2024-01-16,128.4954627393486,87.9481694092907,170.51808514219547
2024-01-17,128.00123809506084,87.57004310734341,167.71511376278318
2024-01-18,126.26040184607723,85.01180343881397,171.13864064146063
2024-01-19,130.445253141639,89.92799376739362,174.26812113103264
2024-01-20,129.17073634835597,90.53845993632267,169.07418297102004
2024-01-21,129.56310929240792,88.85149639090511,171.9269991349876
2024-01-22,128.70339151153803,86.94643230045122,166.67019359056965
2024-01-23,129.6351253043433,86.89022456737565,168.03490503054033
2024-01-24,128.78577404125141,85.27177720665794,169.50886986179856
2024-01-25,126.67720769684513,84.25858802232679,169.93437376541587
2024-01-26,130.48451228427177,86.6452464661678,172.42434120002062
2024-01-27,128.82547003545977,88.52897687671606,174.24766076901727
2024-01-28,128.82922985550428,89.45573473753973,170.90485939367045
2024-01-29,127.5797628128011,87.57079824184747,167.97639825397047
2024-01-30,128.123634294166,86.4592819712656,170.0016667560881
2024-01-31,126.89141585049157,81.84700073726255,168.69373354918855
2024-02-01,124.40818503183615,85.66895550701089,166.32591179605487
2024-02-02,127.85234806288915,84.63026413367916,168.1469843162997
2024-02-03,125.84513031100353,83.48391962354677,171.01365711503888
2024-02-04,125.51925214649468,84.2952925413346,169.14238785259974
2024-02-05,123.96238312724623,83.25634327318292,164.25362177640127
2024-02-06,124.22490445841504,82.12071413523668,164.87980797845628
2024-02-07,122.74130131492007,85.63453979734196,163.23284475938877
2024-02-08,120.04063220298788,81.21000076902791,162.2388745188758
2024-02-09,123.3053094696686,82.18705816235584,161.9712327407889
2024-02-10,121.16053560703409,79.80469330907118,161.37477710508784
2024-02-11,120.74291312317885,77.63384927020154,160.54328489373825
2024-02-12,119.14382158969029,78.78727885271067,160.45583898350847
2024-02-13,119.41709300794358,78.2656693358004,159.2753517205754
2024-02-14,118.00030878052235,74.42507854322439,159.7164674555497
2024-02-15,115.42516764204038,76.6582479883903,157.189262737779
2024-02-16,118.87616127276397,77.64444027595823,159.5032203148928
2024-02-17,116.97990523034723,75.79422890413613,157.42277522281685
2024-02-18,116.87364625587065,74.08987468299023,156.11230128201598
2024-02-19,115.64854305635512,77.54966925173616,155.5795800274364
2024-02-20,116.35725529704473,77.38948527769963,157.52104245042477
2024-02-21,115.43516767430029,74.40667243259215,156.65496414341342
2024-02-22,113.4107018808017,72.51173834680864,149.73120763437328
2024-02-23,117.46395639880637,77.45859898783173,162.02220572759964
2024-02-24,116.21602460761048,74.20841812083309,156.61851645295596
2024-02-25,116.79751463977766,75.24359121684854,159.81906387349275
2024-02-26,116.29186988940157,74.7190213616833,157.03181249877196
2024-02-27,117.74302604651837,77.92184381728885,158.38187444689825
2024-02-28,117.57673192989425,77.08161229226418,161.61887081575983
2024-02-29,116.31098654224697,75.76531570177802,154.78754025466043
2024-03-01,121.11483107328421,80.66396664938031,163.2452855177963
2024-03-02,120.59784429435975,77.59852384065248,162.23631365663329
2024-03-03,121.87886192134849,83.64268875632948,165.1915317435958
2024-03-04,122.02951521433005,79.92166363895726,162.3216794148494
2024-03-05,124.08212034220224,80.47768569260506,168.7989370772515
2024-03-06,124.45124081544552,83.28694705217288,166.93357860165767
2024-03-07,123.64436992824844,82.10869376602655,162.93181804598422
2024-03-08,128.820966069157,87.15395619641319,171.77235746667722
2024-03-09,128.58218323811155,85.23371117998325,170.37463939060203
2024-03-10,130.03981116099382,88.72108987238502,171.07605545716478
2024-03-11,130.26001416923154,86.83202099775967,169.29893321950664
2024-03-12,132.27139452947796,89.94889409363225,174.28564474483187
2024-03-13,132.48669710008852,89.79490769805939,174.55867378832215
2024-03-14,131.41359743764608,93.28505394859758,174.05482925378644
2024-03-15,136.2138021098193,96.80707369003011,179.82087579493228
2024-03-16,135.4928003490597,95.2475736157935,174.4197263610089
2024-03-17,136.3687792236769,97.7404780664573,175.86222679416005
2024-03-18,135.91629037347744,93.93932352358996,182.59656962225904
2024-03-19,137.17419403271919,94.32256852553742,178.66226408647657
2024-03-20,136.56719846135698,98.90533109996755,177.10333567808962
2024-03-21,134.61643933766877,91.38194290729025,176.6403729383383
2024-03-22,138.49833150408568,98.59554716316156,178.76061868290094
2024-03-23,136.8340369387154,95.12281474892744,177.96780634897542
2024-03-24,136.75806690608218,98.62113126769665,180.00969403157256
2024-03-25,135.3616130216206,96.14354325952178,175.19420474388284
2024-03-26,135.70014040310033,94.7531036940504,177.249159360468
2024-03-27,134.2145690712944,91.30577708854736,174.87801376596175
2024-03-28,131.44149659260282,92.66994346170178,171.79307602629393
2024-03-29,134.57170298486702,93.64919116269486,175.2676425420649
2024-03-30,132.23929036003403,89.43510001240837,175.70456893306218
2024-03-31,131.58998360670734,95.40587893480135,175.62932793131097
2024-04-01,129.72419472383277,87.40228233031532,172.1083205134844
2024-04-02,129.7043911677946,92.50459346959317,171.32485956059406
2024-04-03,127.97610067633732,85.30158374691544,168.19577772015404
2024-04-04,125.07801078985985,83.82298681354831,168.74488215218148
2024-04-05,128.20040810985046,83.56867264019012,166.8166773281565
2024-04-06,125.97431238372849,87.24148109113595,168.61050794076
2024-04-07,125.53983294431512,84.52843967706752,165.85249082456315
2024-04-08,123.98934978216487,81.55325440335938,164.51950303220372
2024-04-09,124.37505776556849,85.97297404003429,163.95911189818622
2024-04-10,123.13020310676382,83.93858678575401,167.61492178488095
2024-04-11,120.77946547647718,78.15508400350933,158.30249636789566
2024-04-12,124.49772461200855,84.6170708478524,164.29869472614095
2024-04-13,122.89955913466646,84.10575809341233,165.53849746917032
2024-04-14,123.10799661509301,83.45411249455353,166.1677200627858
2024-04-15,122.19810786422117,83.35174662329955,165.22811313865125
2024-04-16,123.20497401410563,81.17568848316607,161.59698127556356
2024-04-17,122.54534515103607,79.9286102018717,161.44067140394966
2024-04-18,120.72843343800804,79.19400869025455,161.47360332284708
2024-04-19,124.915069241037,84.18552089975982,164.62671687449986
2024-04-20,123.70755804596408,82.27726673344434,166.32536884625284
2024-04-21,124.2187479337313,81.90742078893663,164.375865426732
2024-04-22,123.51589222672384,83.80938320287075,165.93569095499024
2024-04-23,124.62882863387281,82.48563020776189,164.76100728412266
2024-04-24,123.97178774913341,85.53747196574206,166.79102107838682
2024-04-25,122.05426942700379,79.38081931582495,164.41651386782638
2024-04-26,126.0402127607936,84.72105733202551,166.16661770222132
2024-04-27,124.53779637634746,81.94863468112592,160.70682756858463
2024-04-28,124.66837950087191,85.72657060385218,164.37049583238328
2024-04-29,123.51017084287697,83.37015895319819,162.90232284630406
2024-04-30,124.10615082954709,85.03349648003102,165.48845779044547
2024-05-01,122.88556580239646,80.80836384888124,162.87780358868284
2024-05-02,120.37444001615492,81.13269818959559,161.22685916682698
2024-05-03,123.75433978487467,81.0234358744639,167.05137870704456
2024-05-04,121.65173623139542,81.2886140622824,162.81866463963996
2024-05-05,121.20648772179109,81.70886290475545,160.49651298640913
2024-05-06,119.51504029378464,81.26206473385051,162.26511677892654
2024-05-07,119.63788316333962,79.18726911325427,159.61799368938486
2024-05-08,118.0205895996682,75.14355943617122,159.03117803421847
2024-05-09,115.20390038242817,76.18991606877952,153.66066183667868
2024-05-10,118.38209504915892,75.26869326888401,158.55768313786896
2024-05-11,116.19200743576533,77.43766472493213,154.81778849628944
2024-05-12,115.78121556515197,76.02771871281654,158.74042777285428
2024-05-13,114.25101186123234,74.27296118897517,154.54922902993033
2024-05-14,114.66369693295286,75.95347136841482,155.2922048811073
2024-05-15,113.46353170878734,71.69184031687064,158.40798774237666
2024-05-16,111.1868078315047,72.23802567848871,150.04318685491634
2024-05-17,115.02028234905171,73.27515233936033,155.70571818956947
2024-05-18,113.5903321317904,74.39002182831618,154.6894904887044
2024-05-19,114.03135511979261,70.76433627686502,156.7117549340591
2024-05-20,113.42901961238337,74.37322477439163,154.48473106801478
2024-05-21,114.82789837695908,72.64740142689142,155.32321115196328
2024-05-22,114.65281437094538,73.193730404165,154.99805795028945
2024-05-23,113.41934859620531,72.54129690521319,155.43067407313896
2024-05-24,118.29274569594324,78.28763380241108,160.1010076485526
2024-05-25,117.8775613863418,78.85561772972954,156.92534729124128
2024-05-26,119.28656694125758,79.67269720699055,161.81727621058818
2024-05-27,119.58449977904382,79.11447607153258,161.83174296532806
2024-05-28,121.79618480013337,81.28487712385751,160.33805057140603
2024-05-29,122.32834145151762,81.88525179471284,160.85054807622643
2024-05-30,121.68051590890329,79.54595015627935,165.3730293029987
2024-05-31,127.00436368731133,87.0603136693028,166.4129313563552
2024-06-01,126.8936176978187,84.7807595753979,168.54022266773873
2024-06-02,128.45324926037478,88.62807729474518,168.09472015620753
2024-06-03,128.74340499871417,88.09196683992464,166.71743775339363
2024-06-04,130.78763987359747,88.53391405588445,172.08908160368426
2024-06-05,130.99475877437672,90.0955332233459,173.21638051908408
2024-06-06,129.86970539838774,91.649485193921,172.23970577337005
2024-06-07,134.57272497344903,94.10477517759848,178.71176315853197
2024-06-08,133.7091389521926,93.68218238098889,173.31059227365816
2024-06-09,134.398244082002,93.6877402793707,175.22586981679387
2024-06-10,133.71692532203684,92.20374714154977,175.9023496759792
2024-06-11,134.70751088955018,94.66287783146551,176.02211327628427
2024-06-12,133.79919115374156,89.49086308813568,177.86181973861488
2024-06-13,131.5184504374755,93.15324580468899,171.30761845577265
2024-06-14,135.04774938546967,94.27063956764728,177.21622492485523
2024-06-15,133.01480760819376,92.90853728863303,173.3374310846706
2024-06-16,132.56101079304347,92.8754424955775,175.6169116455727
2024-06-17,130.7845434311557,93.3243674190627,172.17421788620345
2024-06-18,130.7477867309818,91.90445699903655,169.99415583215782
2024-06-19,128.8983140555365,90.02028508753043,171.40008566108287
2024-06-20,125.77894263311086,84.4415670247045,167.67322601828874
2024-06-21,128.58608772427854,87.0519287064913,168.31398089113287
2024-06-22,125.95877612420794,84.60674850023288,166.14538492383718
2024-06-23,125.04684882089846,84.18857706212447,166.21005972727002
2024-06-24,122.95395794392685,81.41061171621338,165.53229005590765
2024-06-25,122.74489982468405,81.66604119451259,165.01257207767242
2024-06-26,120.86661698655999,80.66296462992722,159.86831561211858
2024-06-27,117.85832653898544,76.37108702636607,161.32863394408875
2024-06-28,120.91001817816658,78.63485654773952,159.48998508032983
2024-06-29,118.65167408900724,76.81280191436792,158.9755935195873
2024-06-30,118.2217345161895,77.38306940138884,159.25290913452307
2024-07-01,116.71040679296823,75.3390923234751,157.24442399626054
2024-07-02,117.16735121307917,75.1102117939631,160.12356015654706
2024-07-03,116.02306726962436,73.9354818841161,155.48876899087622
2024-07-04,113.79942782932685,72.80290424802487,154.71362534627607
2024-07-05,117.6685941893532,78.95373440085493,155.11410393326105
2024-07-06,116.24265397189778,77.9698979372923,158.4575027084431
2024-07-07,116.64249546523436,75.36782991077993,156.99872491968173
2024-07-08,115.94150647249849,75.50932236993955,159.11451515887407
2024-07-09,117.17362200897662,78.1380958191873,161.18222626942534
2024-07-10,116.75503620950906,75.77998108828527,158.18459071273654
2024-07-11,115.1950189437006,74.94887515822211,158.2129232254364
2024-07-12,119.65506425712641,78.99183737333149,161.43983934425435
2024-07-13,118.73870813213848,78.77667614075976,160.02591314021052
2024-07-14,119.56052617044605,78.93586881348712,161.53923447435872
2024-07-15,119.18989775582233,79.52700541187663,162.09756513885188
2024-07-16,120.65906103506772,79.46727227031192,161.8151151826483
2024-07-17,120.38477556017659,79.4997364403208,161.5226262806977
2024-07-18,118.87903596643031,78.43891777421096,160.46161001887066
2024-07-19,123.3080679794679,79.62726410301613,165.26960904805702
2024-07-20,122.28194957657729,82.51700873303335,162.310008896274
2024-07-21,122.92337422489271,80.15504355904271,165.1186899628094
2024-07-22,122.31114987600841,82.02725292978798,162.19002034353548
2024-07-23,123.4879657689071,81.99046436180035,167.38571900830388
2024-07-24,122.88175197388357,83.25611615336489,163.18704389646686
2024-07-25,121.01608329332443,81.92095270559682,159.55402069105844
2024-07-26,125.06886698377824,84.5614519073864,164.46054691880275
2024-07-27,123.66166501099147,82.04368146197066,168.30166270871683
2024-07-28,123.92817515885284,84.01170159557745,164.33359295045577
2024-07-29,122.95747139907502,80.34988566471566,161.65493143509963
2024-07-30,123.80154146574715,82.87177242413871,164.3197868555667
2024-07-31,122.89645149617137,83.91183024633959,167.2863665762088
2024-08-01,120.77259319727779,77.08890152005102,161.80394629096503
2024-08-02,124.61325571389136,83.40064557852853,167.6104074409902
2024-08-03,123.04387442353857,79.16466130001695,165.96208351234122
2024-08-04,123.20048130420399,83.29474750105062,164.90204879630593
2024-08-05,122.17295643939372,80.61142963507318,163.26742313181904
2024-08-06,123.01261665626078,82.58117527797619,164.66187911738194
2024-08-07,122.15346818469949,79.65997249817553,160.87158721378952
2024-08-08,120.1225749294151,79.68723195650574,157.66522561695112
2024-08-09,124.09877987806064,82.61640296735882,163.2936319125515
2024-08-10,122.70212661337219,79.85327787817856,162.5612317076802
2024-08-11,123.06249986522393,83.72142042054978,166.12912271338317
2024-08-12,122.26307868412935,79.5424042656346,160.74828584913192
2024-08-13,123.34813215360819,85.5878709002896,166.91981796136062
2024-08-14,122.7444785317269,79.32127554025112,163.3179585141912
2024-08-15,120.97205366446096,77.8048955273521,162.58611855131764
2024-08-16,125.20282085108082,85.93301481776795,169.5196445470501
2024-08-17,124.05036433160575,81.02453071117809,162.231429423112
2024-08-18,124.63868120071892,88.78764651795092,166.68884179686592
2024-08-19,124.04576196246131,84.95161977999005,162.78187279535928
2024-08-20,125.31148711156808,81.50229837458309,165.91510389100142
2024-08-21,124.85915898262726,84.24170310974212,164.5708631250319
2024-08-22,123.20611396137659,79.55721334802683,163.1629475905107
2024-08-23,127.52264737814434,87.1122934534716,170.2810072187311
2024-08-24,126.42159425810051,83.73227510719676,165.7544013138008
2024-08-25,127.02708252296972,86.74861790599151,166.4888436351578
2024-08-26,126.41805137134202,83.98967708273915,166.9848747510746
2024-08-27,127.63606534679197,85.76691498331839,169.9393632640243
2024-08-28,127.10674695479736,88.20973846271995,166.93959893369006
2024-08-29,125.35027691020633,85.49523997888458,166.68419969533497
2024-08-30,129.54019855646953,89.10316355109417,170.05734254857683
2024-08-31,128.29287393630156,86.25873739390701,168.29742274994553
2024-09-01,128.73611237653904,87.87334111193988,168.53917220157794
2024-09-02,127.95256839363465,85.52676010682576,165.6587804718711
2024-09-03,128.98744320631877,90.90860797515316,169.50336039261856
2024-09-04,128.2698160766833,88.87821793219977,174.28298402914268
2024-09-05,126.32305740962377,82.20311793555864,168.18147726656056
2024-09-06,130.32356241157643,90.07710908912516,173.47072551988967
2024-09-07,128.89015440260295,89.61839309102166,173.97671389222273
2024-09-08,129.15267958046684,85.67096162301138,171.23329254001908
2024-09-09,128.19539028802646,90.08922171033568,166.4960113082181
2024-09-10,129.0646506357559,89.62156997127519,172.61238801215157
2024-09-11,128.1902896189651,83.47555911735279,171.29866673750766
2024-09-12,126.09605198371004,86.0591560534838,165.73655015143504
2024-09-13,129.95838344351702,87.60070390783198,167.68659747292904
2024-09-14,128.39589670621118,86.4490103662224,169.83228799412348
2024-09-15,128.53803713715448,88.98167334072562,168.25216398146986
2024-09-16,127.46854191544011,85.6607237073688,166.4582293931732
2024-09-17,128.233223213352,86.07769793844089,168.19059924971526
2024-09-18,127.26139723813009,87.94283603292197,167.6398942670724
2024-09-19,125.07640619312785,85.31821371850792,165.58953044669312
2024-09-20,128.8544667957052,87.14365025378372,169.8348392982089
2024-09-21,127.21418917156556,84.7910415493173,165.48559440698295
2024-09-22,127.2852827277848,86.3749142934362,169.43188555746116
2024-09-23,126.15204111921099,87.14840437762038,167.1065176722765
2024-09-24,126.86113565431047,87.85016532557863,166.83897619112315
2024-09-25,125.84303835897211,84.22060843209746,168.786119383667
2024-09-26,123.62252174889532,84.13966626032013,164.2369194085177
2024-09-27,127.37746953384776,85.31034526832717,169.50910341504263
2024-09-28,125.728343237539,82.3602009491913,166.54649821575237
2024-09-29,125.80682303584715,87.13149262695637,168.41868396160237
2024-09-30,124.69921710653216,82.1474281906757,165.93589061149564
2024-10-01,125.45417142054998,87.40281534041111,168.62705795317336
2024-10-02,124.50400409544774,82.38133403318244,165.2440078330995
2024-10-03,122.37511448559748,83.79911687202859,165.68409526904478
2024-10-04,126.24670447429729,84.69979004707629,168.5439489789442
2024-10-05,124.74016020396,84.04416518214188,163.8965244746754
2024-10-06,124.987615701793,84.50804457473154,163.6183642221439
2024-10-07,124.07529564727417,83.2150250636342,164.19545526836353
2024-10-08,125.0511718588436,83.18546324622667,167.50166549258844
2024-10-09,124.34625990966977,87.96898879763154,164.50947500003375
2024-10-10,122.48500779457811,81.32467169846679,164.85703465092305
2024-10-11,126.64401543622765,82.56907804235384,164.54008168503103
2024-10-12,125.4414339407389,83.61879774427692,165.1019951243301
2024-10-13,126.00556616662497,80.97318126326545,167.52810845377545
2024-10-14,125.41826534737578,82.96274306731178,167.6568601840625
2024-10-15,126.72266524788965,84.73820654645073,168.23042122854034
2024-10-16,126.34456657058242,83.50560798948504,163.43430167537997
2024-10-17,124.80292939581781,83.52266067718304,166.82879571729794
2024-10-18,129.26870774954273,88.50931870403201,173.04191800633137
2024-10-19,128.35437221131002,88.26900462938957,166.6357256500261
2024-10-20,129.18263880995735,86.89417916482844,168.65828940653833
2024-10-21,128.829997445721,87.39047671536186,168.89632244604513
2024-10-22,130.33456973152462,87.84704973729536,170.52731874023988
2024-10-23,130.11761740359472,87.28345220989688,172.77090559895365
2024-10-24,128.6941476484926,89.37302744844379,171.0303259905577
2024-10-25,133.23184823349737,90.72523307686264,175.6952151765563
2024-10-26,132.3406954749168,93.04428789879815,171.1429589451877
2024-10-27,133.14175082659082,92.40819274905131,174.4317622933179
2024-10-28,132.71073734979632,90.40653007757824,175.57639431570337
2024-10-29,134.08592452642026,92.82439286726694,176.90733816081135
2024-10-30,133.68964172349473,96.78942003709207,174.10542254393894
2024-10-31,132.03886642874613,92.54824745032222,170.71108141990175
2024-11-01,136.30412053702304,96.41779517633775,178.27422602047585
2024-11-02,135.09901872451232,93.01556430539897,174.50811054162224
2024-11-03,135.54898627388877,96.70774184422791,176.71638077433323
2024-11-04,134.73473972425606,91.57571064261998,176.6743589743061
2024-11-05,135.70006138988862,95.35401827142523,174.47273521798485
2024-11-06,134.87319102999953,94.68252698552028,175.6145482560668
2024-11-07,132.77728406878072,90.86789605707327,174.03237276722706
2024-11-08,136.58917313315533,94.67493301963013,179.18300350781857
2024-11-09,134.9287805393753,95.94903359119166,173.4219725894887
2024-11-10,134.92770268756308,93.16963678397137,176.63075777474302
2024-11-11,133.67256323202648,94.31621199708017,176.01718835570875
2024-11-12,134.21266936202105,93.89300791652467,176.0430362189514
2024-11-13,132.98129747054787,91.40414410289785,177.69360298763738
2024-11-14,130.50606022449557,91.55564653305244,171.51608298614607
2024-11-15,133.9675939656576,94.45726058891005,172.92417060677536
2024-11-16,131.9889157247916,87.47698916590005,172.58547742927408
2024-11-17,131.70397190541195,91.42742807339476,172.4954905247998
2024-11-18,130.20097602404093,94.4747845550083,171.06251651247214
2024-11-19,130.53006977319617,91.58497360251896,170.62984577734915
2024-11-20,129.1246330384806,88.50516188746712,166.9009865252386
2024-11-21,126.51169368588613,84.76870955444721,169.7182704137837
2024-11-22,129.87067434298126,89.38386810003469,169.16526132785035
2024-11-23,127.82282329944793,89.769681243961,168.1276393720248
2024-11-24,127.49984904886509,85.30421486777546,169.71479927425503
2024-11-25,125.98735301002878,82.58021685549494,166.38584730513412
2024-11-26,126.33259166993398,87.59623629204884,165.8288001390721
2024-11-27,124.96589059343462,85.55327457048583,166.4906111631519
2024-11-28,122.41115794420915,80.82289082822453,162.8758030849982
2024-11-29,125.84473163222687,84.6324088253205,165.8281792931891
2024-11-30,123.88490427575715,83.91215152012839,164.5134586219727
2024-12-01,123.66064281527248,84.73831115278007,160.92978858923422
2024-12-02,122.25509497901218,84.10070295597023,161.3701468583338
2024-12-03,122.71341186761877,82.48151420516014,164.3585772992103
2024-12-04,121.46420762495327,82.1146923497013,162.3705265886962
2024-12-05,119.03010281674429,77.65880273193612,159.86560662137796
2024-12-06,122.58658513513831,81.47366909719,163.40162495785046
2024-12-07,120.75153163564482,80.49155182828154,160.90765527647577
2024-12-08,120.65390987198977,79.26207648848025,158.23289824978218
2024-12-09,119.37725113931494,77.80196003305866,158.87653551448463
2024-12-10,119.96742654835955,79.60439799022605,158.8220513034337
2024-12-11,118.85404874239987,77.2520385061663,160.54071635258578
2024-12-12,116.56094805004616,75.17339657934505,156.34887577168277
2024-12-13,120.26495911443241,80.46438568405824,163.5395142462246
2024-12-14,118.58536479990939,77.4120911564768,155.78058037404656
2024-12-15,118.65251742190776,75.71155743060064,159.76070696010112
2024-12-16,117.55123319182695,78.14726646230767,160.5119033507792
2024-12-17,118.32849319467933,77.32717690118396,159.07964652493732
2024-12-18,117.41477614414083,77.65114980211956,159.94438557177088
2024-12-19,115.33447389411091,72.35861586420314,156.55838116494795
2024-12-20,119.26462763590672,76.80725768905933,159.86471499142618
2024-12-21,117.82433310452296,76.44574447628376,157.48391839937256
2024-12-22,118.14333596132644,76.82891984397162,156.54074911988553
2024-12-23,117.30541393537567,77.56657683438088,157.9848523044906
2024-12-24,118.35607928610864,77.30998842434695,157.63413391892527
2024-12-25,117.72392662992317,75.4339508005386,157.86162929495268
2024-12-26,115.93107648343427,76.71230084760421,156.7301849435676
2024-12-27,120.15195141755999,79.0901873762056,161.9301791774319
2024-12-28,119.0027317570185,77.18439089793209,159.39444972122607
2024-12-29,119.6100102952482,77.82218436552525,161.38209764103348
2024-12-30,119.05424066473586,79.15038952004701,158.3349346506491
2024-12-31,120.37751080878067,83.26425103004834,162.77288053182727
2025-01-01,120.00496437839031,78.94204246747708,162.4373185605835
2025-01-02,118.45531816391264,77.68730695001325,159.04232013537123
2025-01-03,122.89971026224346,83.34175935776238,164.5895923241658
2025-01-04,121.9512238451396,81.7578760390319,163.12705385652302
2025-01-05,122.73360411998357,81.31760124367821,163.79360325505084
2025-01-06,122.3247614954586,81.32968805196681,163.69458197260826
2025-01-07,123.76459107129347,83.6088688037009,167.11116864344064
2025-01-08,123.4764302890759,82.99155262485586,164.9862993218769
2025-01-09,121.97760223179064,81.29232601438137,164.35484146564113
2025-01-10,126.43827903494125,84.04574587179317,167.39674725217435
2025-01-11,125.47101040450625,86.46673632812451,164.91179681337172
2025-01-12,126.19943534008826,79.89654203912718,167.455355407704
2025-01-13,125.70177090916631,83.59506880489452,166.95990265582026
2025-01-14,127.01860932606414,82.91796258305888,167.29661420762545
2025-01-15,126.57434655294708,84.39385991499816,166.3357815058813
2025-01-16,124.88769147974583,83.67667201731676,165.70405729013433
2025-01-17,129.13049183334005,88.59173072104161,170.93983082057423
2025-01-18,127.91722356103875,88.71409203238049,170.75995193533237
2025-01-19,128.37366350499232,87.40938742928077,169.0001572408927
2025-01-20,127.58034085156667,87.50369331588752,168.34444415587717
2025-01-21,128.58030008660737,90.1875938244806,170.934433428104
2025-01-22,127.80049993391488,86.17813203006332,167.83879364656332
2025-01-23,125.76229832255873,81.62825937594504,167.96454975131118
2025-01-24,129.64026020760681,88.21313160674268,168.2876760090067
2025-01-25,128.05163531941184,85.9638707621973,168.0457436394417
2025-01-26,128.12502562488606,90.39231168018732,170.854738642575
2025-01-27,126.94383758623759,84.70761166654502,166.35815683164313
2025-01-28,127.55405119433183,86.57953955224384,169.51455541675287
2025-01-29,126.38562917089838,86.54403939412795,167.2373204776301
2025-01-30,123.9630150114332,84.50622726478979,165.1047803529801
2025-01-31,127.4639550813568,86.32551662825368,170.13410665734884
2025-02-01,125.5089900515984,85.61874837007153,166.47995996999612
2025-02-02,125.23013340744484,84.12028949268853,169.35582800585127
2025-02-03,123.71433098065393,82.4736156434655,162.5973734754952
2025-02-04,124.0112300500578,83.42284348448877,163.4226787457733
2025-02-05,122.55458124802828,82.19638229016205,163.3076330668874
2025-02-06,119.87271965600523,78.52197630463334,161.38928057900637
2025-02-07,123.14735925011527,83.2757366434518,166.3087584498425
2025-02-08,121.00304514044831,80.89139760339752,163.02657011067274
2025-02-09,120.57578107540246,79.13346865900974,161.0552119352632
2025-02-10,118.9564254270253,79.16730947425845,160.38522268840634
2025-02-11,119.19838632011131,79.17286780053156,157.37009412760307
2025-02-12,117.73893863795001,78.90948947031978,160.11546720884695
2025-02-13,115.10961164490249,73.48505953628847,156.01471009695808
2025-02-14,118.494883292359,77.58006072944094,159.2526306135389
2025-02-15,116.52152816166435,77.90148307201504,153.33391369043767
2025-02-16,116.32713941711533,73.90658512835802,156.97458314790833
2025-02-17,115.00342120388886,72.32824982182147,154.86470844543985
2025-02-18,115.60378560233858,74.0965385642475,156.21800422192868
2025-02-19,114.56458044857436,75.69030831675174,154.85840030511363
2025-02-20,112.41540035871542,69.68019021539334,151.63380175686237
2025-02-21,116.33772052310522,76.32752544521264,159.19874772961512
2025-02-22,114.95420350932424,73.03087290577815,155.75209386141674
2025-02-23,115.39720239871409,75.96557038206649,162.34532012627596
2025-02-24,114.75205919749862,74.0510206472724,155.64579547569573
2025-02-25,116.06473458506878,76.152402237322,157.2182423735033
2025-02-26,115.76309664204197,73.034739915437,157.12845765875196
2025-02-27,114.36732144771997,73.99281543743302,156.94609009147283
2025-02-28,119.04864496676672,81.45884996708932,161.0440746864741
2025-03-01,118.4188154410742,78.40057859711723,161.2342448844042
2025-03-02,119.59876778077759,73.79395284406036,160.8120326716239
2025-03-03,119.66211623841173,76.78503286257607,159.4766695737923
2025-03-04,121.64299798744543,80.4513353199305,159.41655347565717
2025-03-05,121.9575910520863,81.85280057407282,162.7506989707596
2025-03-06,121.11475469520173,79.83252600523005,160.30515845053594
2025-03-07,126.27502627868809,84.11253273049343,167.58335603895665
2025-03-08,126.0403180482667,87.94191140564453,168.20783409264587
2025-03-09,127.52282927290231,85.18609362586001,166.19891085049483
2025-03-10,127.78876384138246,88.32017147414713,169.72894417000916
2025-03-11,129.86637979966028,88.35472734746148,167.06910482846652
2025-03-12,130.16768835092466,86.92134093694011,167.9175765718487
2025-03-13,129.1992448838858,85.5073765349845,170.9789165136386
2025-03-14,134.12126105015443,94.23001625205032,172.36305414508422
2025-03-15,133.53737705445468,93.57008498062045,175.28893288814254
2025-03-16,134.56360614549519,92.36398425151947,175.3963618377317
2025-03-17,134.27203893836352,93.48945087470203,174.64585369131237
2025-03-18,135.69883265033292,92.31849885139522,173.9053683254061
2025-03-19,135.26580251723325,93.19661956029762,174.36143360998327
2025-03-20,133.4910588913177,93.82705682775092,175.23493663662168
2025-03-21,137.5479211837179,95.80414189861796,176.45546643584828
2025-03-22,136.0544511512237,94.29169327675869,178.77438089484437
2025-03-23,136.1421219778852,98.6450660645041,180.78892764900002
2025-03-24,134.89921631874094,92.99091519054636,173.80539313333125
2025-03-25,135.37848485583578,95.51956629167843,176.730814071001
2025-03-26,134.01838990913282,89.67679937216056,174.66823238458664
2025-03-27,131.35338551446952,89.43454419994116,168.98280157981313
2025-03-28,134.57247349151612,94.74025973095571,177.31277833971527
2025-03-29,132.30838659910165,88.46490885004818,172.0076786648293
2025-03-30,131.70592386641658,92.55306233895217,171.3312867371261
2025-03-31,129.86503969185546,87.496121569244,171.34951652899878
2025-04-01,129.84822627947875,86.20749144291926,167.435328672246
2025-04-02,128.10152133523894,86.92947698440074,165.05532985490788
2025-04-03,125.16459897628486,83.23977233059375,163.79979368591188
2025-04-04,128.2291888903077,84.80625644894899,172.03276717312542
2025-04-05,125.92817916583006,88.13727874283418,167.5915116497396
2025-04-06,125.4039308778344,84.10406013173018,165.710673602728
2025-04-07,123.75140758486108,82.77528105811612,165.092437783401
2025-04-08,124.02565937156605,82.40175617968083,164.10268729240818
2025-04-09,122.66299189134072,83.04058428828912,164.9555001046475
2025-04-10,120.19127537189016,80.07603554665175,163.12011999701164
2025-04-11,123.78863415617504,83.19564752597529,166.87889006102137
2025-04-12,122.07286634836078,83.38621048678674,164.9030480954495
2025-04-13,122.17011452394064,81.60132045950498,160.53444009458912
2025-04-14,121.15838251094361,80.99766854093676,163.4563025757852
2025-04-15,122.07542862768527,78.65483883003581,162.3927143771494
2025-04-16,121.3403561464218,80.30593252096605,158.09262369265312
2025-04-17,119.46434561990614,77.84980886827151,160.1737706297872
2025-04-18,123.60975919835288,85.20674257507473,164.92016738314183
2025-04-19,122.37995611704385,82.9989502302673,161.0101287996189
2025-04-20,122.88833027230756,82.6422298132578,165.7862432521212
2025-04-21,122.20215537079233,80.34829264788196,160.9475703252556
2025-04-22,123.35075955025007,84.28610154104058,164.28840141365527
2025-04-23,122.74734257646755,78.30129213890835,163.18935738709467
2025-04-24,120.89987405965955,83.22220383956574,160.97967260657566
2025-04-25,124.97029800417744,85.34880100882265,164.73876879125072
2025-04-26,123.56437966723612,84.32514968855094,164.2622734767688
2025-04-27,123.80070413536818,82.8048591196408,164.56306764547483
2025-04-28,122.75441234802064,79.96325476171549,165.38479982620748
2025-04-29,123.46519847749644,82.78026652009694,163.91787258434238
2025-04-30,122.35888551400569,82.55028545084552,161.00978798589662
2025-05-01,119.95802289989743,77.83749764082361,161.36249691747918
2025-05-02,123.4407384627161,83.18453491923292,166.02236477214961
2025-05-03,121.43018893200654,81.80664837895402,165.07784687015882
2025-05-04,121.06312793350497,80.77095485432142,157.82962659321828
2025-05-05,119.43318761982235,79.12522436034256,162.0395834565314
2025-05-06,119.59840896070382,79.29663739143723,159.90750140293588
2025-05-07,118.00234909309334,77.9554584858441,160.73013619155782
2025-05-08,115.18422118694949,75.22604095078911,157.6259971189493
2025-05-09,118.33731060086832,80.15593329612464,161.89418959984528
2025-05-10,116.09802261130886,76.74033884230754,158.1610174267993
2025-05-11,115.6140908879853,73.8966896541545,158.9464684799827
2025-05-12,113.9875521393598,74.35758565991148,159.12892822383415
2025-05-13,114.28202997019494,75.1852495020799,158.9196150456197
2025-05-14,112.9436628850891,72.28072049029348,154.5791745091458
2025-05-15,110.51113685614749,68.7857808073334,151.2166866083694
2025-05-16,114.17406934109691,73.89042543380931,158.5047210419941
2025-05-17,112.56210135575091,73.34570143004247,151.88677905382016
2025-05-18,112.81322617192579,73.4276561904241,154.62502289881982
2025-05-19,112.01695757852644,71.04512884329337,153.00575230744764
2025-05-20,113.22187642746076,71.56984892942972,154.1229830555688
2025-05-21,112.85688434598461,75.00539014346114,154.89162980882946
2025-05-22,111.44161739614393,72.46927334869298,149.989458884987
2025-05-23,116.1452575322245,75.91953695196203,154.2225444852713
2025-05-24,115.57608825007131,75.32580491329878,156.37062434443556
2025-05-25,116.85031186868633,75.74043246769463,158.06698389994853
2025-05-26,117.035719607718,77.60308426092885,158.45016223687327
2025-05-27,119.15974105951221,79.6876633518838,160.64888215589843
2025-05-28,119.63118976860136,75.99542028707161,161.26102473701664
2025-05-29,118.95114578979474,77.83724092036358,158.32049423936255
2025-05-30,124.27220172811063,84.51816443386011,165.08666653044097
2025-05-31,124.18840811698139,80.59729397930244,165.66421836877547
2025-06-01,125.80442621882015,83.52276601603393,166.3907204769172
2025-06-02,126.17947128839077,88.28743404684619,166.22138716306546
2025-06-03,128.33556638946692,87.36074814012206,164.72051404201022
2025-06-04,128.67941863593802,87.9717357436685,169.87369737927
2025-06-05,127.7133557054459,88.9738760428575,168.0235753506882
2025-06-06,132.59454798657268,91.08040845733278,172.6430680356254
2025-06-07,131.92485301094104,88.88223087897806,173.3147535679515
2025-06-08,132.81979285323084,92.70422150901801,173.35280263932543
2025-06-09,132.35225205031006,90.0772885876927,172.3430406266139
2025-06-10,133.5604222508768,94.40645840064157,172.0766220024183
2025-06-11,132.86931314591533,91.52553112747104,174.8653569743892
2025-06-12,130.80127652988676,92.41299925633864,171.35380072107571
2025-06-13,134.53477895030835,95.91142040012308,174.74493725567285
2025-06-14,132.69377053123205,91.45370338694416,172.76572722921088
2025-06-15,132.41617214589337,94.39277386947978,173.8020425397276
2025-06-16,130.79708025014207,85.54391596767604,174.58105769184974
2025-06-17,130.89622732107938,88.96769217428141,170.45420561357466
2025-06-18,129.15902886422535,87.54292363575959,170.45750901523922
2025-06-19,126.1266746501929,83.46516702633234,167.13307596902038
2025-06-20,128.99450958279303,88.75230669165663,170.08443845412
2025-06-21,126.40106062231003,85.88877692124433,166.63737187429697
2025-06-22,125.49623945918638,84.48157669744161,165.7486970159625
2025-06-23,123.38432628560918,81.7644506641876,166.222091277178
2025-06-24,123.13127700506341,84.96575159457008,163.38466134736723
2025-06-25,121.18568754143203,78.22011432273469,160.26475130566098
2025-06-26,118.08887382863749,77.91782959785009,158.91231965786517
2025-06-27,121.03331204367697,79.3558622297631,160.56967454050294
2025-06-28,118.6517929451261,76.19017017131216,159.74972066721003
2025-06-29,118.0858158188241,77.05065993892465,160.5503224503618
2025-06-30,116.42882167247686,76.28252720885165,158.27654782646323
2025-07-01,116.73380098839517,77.01324103903328,159.11951782287736
2025-07-02,115.43460150230163,72.0186855792645,155.59015384915884
2025-07-03,113.05638549171537,72.8838539958299,154.7587464133682
2025-07-04,116.77447135846644,78.08776551714767,156.24577936814796
2025-07-05,115.20390317501635,75.03806692074875,153.53717334753594
2025-07-06,115.46826335258797,76.95595584625616,154.79256859019475
2025-07-07,114.64331784394065,74.71589897832618,154.5395826875943
2025-07-08,115.7650193332801,74.10850099471325,158.06760217706653
2025-07-09,115.25118464156226,74.52863294030287,153.6899567693659
2025-07-10,113.61228743081986,70.29196796976849,154.14708006555765
2025-07-11,118.01059363230165,76.09407492708348,160.09240859588243
2025-07-12,117.04997711470001,76.4682730486088,160.33384517068845
2025-07-13,117.84492593781255,73.9979561910388,154.49463321696803
2025-07-14,117.46432522855838,76.28278896875018,158.83641988068746
2025-07-15,118.93954024916846,78.68252453764079,160.42092945989108
2025-07-16,118.68611551260618,79.74789755900919,158.84781415800882
2025-07-17,117.21453214231326,74.11826241511405,157.819354387375
2025-07-18,121.68925343807007,83.16793671285784,163.5706738543759
2025-07-19,120.7184000270739,77.94967563289853,162.82744893407525
2025-07-20,121.42257000242247,80.91570284687526,160.59780602793518
2025-07-21,120.87839617625869,78.21008476801023,163.0446090557569
2025-07-22,122.12637095700961,81.16802876309808,160.13647441645224
2025-07-23,121.59226229184283,82.68347221095557,165.55287665469217
2025-07-24,119.79757088766817,76.71781502432752,157.56422303500574
2025-07-25,123.91826689686522,80.9881244053023,164.8092162813183
2025-07-26,122.57415565630336,79.87861975151132,164.23429364142123
2025-07-27,122.89739585884588,83.64592684950532,168.3360909630547
2025-07-28,121.97576982317968,80.58954618500725,163.149199423487
2025-07-29,122.860243282493,82.31615336404903,163.6597381077651
2025-07-30,121.98614424836484,80.76054797736614,163.64278632273343
2025-07-31,119.88341634130279,78.50220838503854,160.65393395028394
2025-08-01,123.73518890200786,84.72136011751721,162.8631285826667
2025-08-02,122.16701646723627,85.04291895439569,164.99296198417508
2025-08-03,122.31531280590457,83.94664863969527,164.02544945050357
2025-08-04,121.27057980199186,80.84112191562821,160.67280215255758
2025-08-05,122.08496805034616,82.44994877911235,160.68462140801117
2025-08-06,121.19349704170517,84.04661757429905,160.9334608240398
2025-08-07,119.12438760459128,78.44959118210804,161.88947161197567
2025-08-08,123.05774525698764,85.06040936473777,164.32296489592247
2025-08-09,121.61494258561333,82.49461277744034,160.29157811552176
2025-08-10,121.92722072571712,82.16694996759081,164.39319986614888
2025-08-11,121.07910461494242,82.45909514022405,163.85727504155668
2025-08-12,122.11616295554592,79.98390514205752,160.69930600103078
2025-08-13,121.46643469076857,79.07837256254251,161.77980486272878
2025-08-14,119.65096862839476,78.21397527568861,159.44767537500914
2025-08-15,123.84270903848426,84.264651022875,166.51298691178565
2025-08-16,122.65606988419646,84.1571597874801,165.0514398882048
2025-08-17,123.21571281250947,82.48495885587894,164.51315000620517
2025-08-18,122.60011927036949,81.0290693452207,161.55629407082165
2025-08-19,123.84948411421256,81.65468970847076,162.01550808325808
2025-08-20,123.38724977292765,82.73570875294384,163.32495922283582
2025-08-21,121.7307257248809,78.5549120417387,163.48628769552417
2025-08-22,126.05002514154074,85.77744658163161,168.88734473699472
2025-08-23,124.95766127892345,85.07897684560909,165.39212835585448
2025-08-24,125.57731953319248,84.98831455667911,165.9680542493147
2025-08-25,124.98739712923496,80.23441584414124,165.65795838939707
2025-08-26,126.22884015080135,85.7602912321139,171.94366751530487
2025-08-27,125.72659995274947,85.32819088593683,167.0059491320372
2025-08-28,124.00015722389756,83.63716288333048,166.5826997054808
2025-08-29,128.22234946121185,87.0747935575547,169.72786359878938
2025-08-30,127.00884861067536,86.61863139418055,167.7999192978701
2025-08-31,127.48680909160824,88.2577329759128,167.12688437698745
2025-09-01,126.73828246075637,84.1413197031217,165.06459113321358
2025-09-02,127.80793256393424,86.9622582225687,167.2862944361912
2025-09-03,127.12437708002653,85.61395005285827,168.70421195416552
2025-09-04,125.21060719941453,85.84197663786665,168.29612109371425
2025-09-05,129.24272418244487,86.19083097629633,170.9169396246041
2025-09-06,127.83934196543078,86.9540973462497,170.00990202740766
2025-09-07,128.13017781140798,88.31040255579408,163.5559370738114
2025-09-08,127.19942836901521,88.63710259155607,170.65810882649328
2025-09-09,128.09346540499513,86.12531342367137,170.32224467251228
2025-09-10,127.24217684789195,87.32039021299077,169.15864439079664
2025-09-11,125.16940396115501,81.04923612823896,164.14541975178983
2025-09-12,129.05171185742194,87.2829637144869,169.42160550280926
2025-09-13,127.50784044638206,86.8804752723785,169.48258664843715
2025-09-14,127.66735527819938,87.18612171937387,168.68974509840092
2025-09-15,126.61409274913031,85.80732580291624,165.62993535916303
2025-09-16,127.39393078169053,86.46497535640802,167.95662545601357
2025-09-17,126.43620732201984,84.2051439516751,168.25501733855947
2025-09-18,124.26423415139763,84.71641732226239,168.50335586752522
2025-09-19,128.05413999151563,87.99706876060031,168.92811186578072
2025-09-20,126.42438696387393,85.52494769671326,168.2594153749137
2025-09-21,126.50447713526549,84.7955959512739,167.5346731649483
2025-09-22,125.37844127999011,86.44107148967498,169.82385590745022
2025-09-23,126.09263910583323,82.38208095692212,166.20725842998704
2025-09-24,125.07719195286751,82.92966236029683,165.41744624936908
2025-09-25,122.85649470282362,80.44011259736452,166.75494747148306
2025-09-26,126.60804071658778,84.74844483798765,168.68001074451107
2025-09-27,124.95190429898224,82.05540687302137,164.53945108512153
2025-09-28,125.01939844578781,81.98320580652681,162.43364958153478
2025-09-29,123.8965015744345,81.42350839847337,165.79539468873622
2025-09-30,124.63158455100228,85.77180148695383,163.96469372733395
2025-10-01,123.65676151274808,84.81449545053864,162.8179243611043
2025-10-02,121.49831405507558,80.83904056723979,163.80680284180679
2025-10-03,125.33542567867111,84.07825372027946,166.48358562946393
2025-10-04,123.78957421829085,81.24002608912707,164.2298042819158
2025-10-05,123.99310326804991,78.80438617277667,164.96626543211005
2025-10-06,123.03256949386744,85.20963497024559,163.69133194684628
2025-10-07,123.95640015858042,83.4791943808673,169.76781846453326
2025-10-08,123.19618709553451,81.1972554254176,158.69658748049423
2025-10-09,121.27706906787506,79.1461124655153,164.87693912135674
2025-10-10,125.37644133092593,82.1482298103156,167.26720301793398
2025-10-11,124.11334152698053,81.29964878625475,168.5198554162566
2025-10-12,124.61703377388565,87.43475733840128,163.3769117934114
2025-10-13,123.97038808995794,79.58262474426586,162.6931585723746
2025-10-14,125.21758912670907,81.11542653111528,166.99776906978175
2025-10-15,124.785499489617,82.47762258086756,165.86902889409774
2025-10-16,123.19412805371408,82.1822327342741,164.88763064908346
2025-10-17,127.61544002722613,84.60682084400423,167.86352456623388
2025-10-18,126.66285535600161,80.31719645410715,168.18916834747716
2025-10-19,127.45995439369398,88.67128660398292,169.8080138410722
2025-10-20,127.08398473253709,83.63589736574228,169.8970127874483
2025-10-21,128.57369970213853,88.38627002401437,168.9978998168468
2025-10-22,128.3508502407546,88.69493453018119,171.856294444503
2025-10-23,126.93077696459586,87.48030693192922,167.19967849679355
2025-10-24,131.4813357087631,90.30205959280657,171.2743803544795
2025-10-25,130.61249985971088,87.94751711356152,171.31720061000271
2025-10-26,131.44515543487802,93.11454667559445,172.29669687319694
2025-10-27,131.0546802287323,91.35676454535538,173.56427019539325
2025-10-28,132.47883542698114,90.18420935977078,169.8317675356952
2025-10-29,132.13928982123434,90.72054251687173,171.26524030380943
2025-10-30,130.552222457243,86.79124724896818,169.46352482647788
2025-10-31,134.88723660812653,94.6353170847562,175.21025835070438
2025-11-01,133.75692863039038,93.77184452057742,173.88287762483253
2025-11-02,134.28562851079863,93.65227191737173,175.6514279023798
2025-11-03,133.5529048629951,94.39481144070149,171.37134829359672
2025-11-04,134.6013647610997,92.07948039653253,176.89386899286993
2025-11-05,133.8580710134965,90.65614642800348,174.46793062429617
2025-11-06,131.8450255943985,91.94749170601573,173.1694023265941
2025-11-07,135.7379553360754,95.67247828873255,176.12814972611542
2025-11-08,134.1557468850006,90.83092937855876,176.10698192262248
2025-11-09,134.22905130691734,90.36150648411635,172.76502653528507
2025-11-10,133.0436547054348,95.68586095606601,176.88674402808496
2025-11-11,133.64814876997437,94.90777895586884,177.46912545647686
2025-11-12,132.47522720747912,92.95203374000208,173.06895129319983
2025-11-13,130.0520598522811,90.29353563107762,167.7152949642853
2025-11-14,133.55898327438004,92.74716273212337,177.1907978061344
2025-11-15,131.61885716981558,90.32556993931108,172.08179233765733
